seed,best_reduced,best_full,abs_best_diff,fes_reduced,fes_full
2003,17.421851000380745,17.576025740780317,0.15417474039957213,2854,2845
2004,13.96381938012556,14.038201042795732,0.07438166267017188,1984,1201
2005,7.699126339591978,7.3301763796353665,0.36894995995661173,2968,2971
2006,7.949587822163325,7.849641723180306,0.0999460989830192,2077,2080
2007,12.273724599012642,10.90192118776587,1.3718034112467716,1246,3769
2008,4.022793944807397,4.008010461190547,0.014783483616850113,1561,1564
2009,2.977020300188347,2.977020300188341,6.217248937900877e-15,2842,2842
2010,11.02181172201638,10.86066511425309,0.16114660776329082,1675,1678
2011,8.363703728059539,8.363703728059534,5.329070518200751e-15,3016,3016
2012,4.300444688648625,4.300444688648694,6.927791673660977e-14,2005,2005
