function,dim,solver,seed,wall_time_new_s,wall_time_old_s,iters_new,iters_old,fes_new,fes_old,fes_equal,shared_prefix_len,max_rel_value_diff,argmax_iterate,noise_onset_iterate,divergence_onset_iterate,best_new,best_old,abs_best_diff
sphere,10,asgf,2003,0.01,0.01,54,54,2215,2215,True,55,4.85722573273506e-17,2,,,3.804456185964417e-19,3.8044559362020315e-19,2.497623855747618e-26
sphere,10,ashgf,2003,0.0,0.0,40,40,1641,1641,True,41,0.0,0,,,5.57437156392417e-15,5.57437156392417e-15,0.0
extended_tridiagonal_1,10,asgf,2003,0.05,0.05,330,330,13531,13531,True,331,9.148071682363e-13,183,,,7.211216703291534,7.211216703291534,0.0
extended_tridiagonal_1,10,ashgf,2003,0.25,0.23,1161,1165,47602,47766,False,1162,0.713388025054728,310,65,65,7.211216703291573,7.21121670329158,7.105427357601002e-15
sphere,100,asgf,2003,0.26,0.4,64,64,25665,25665,True,65,1.887379141862766e-15,6,,,5.187084788067271e-17,5.187084791824857e-17,3.757585463922321e-26
sphere,100,ashgf,2003,0.03,0.03,42,42,16843,16843,True,43,0.0,0,,,6.321768078718397e-15,6.321768078718397e-15,0.0
ackley,100,asgf,2003,0.12,0.17,25,25,10026,10026,True,26,7.489584116471951e-13,9,,,1.4343410903450149e-09,1.4343410903450149e-09,0.0
ackley,100,ashgf,2003,0.03,0.04,29,29,11630,11630,True,30,0.0,0,,,1.5730212687969924e-09,1.5730212687969924e-09,0.0
sphere,1000,asgf,2003,20.45,69.17,83,83,332084,332084,True,84,1.6244317866218492e-15,18,,,1.78753445669008e-16,1.7875344671125626e-16,1.0422482541814979e-24
sphere,1000,ashgf,2003,3.18,6.28,53,53,212054,212054,True,54,2.9244599747875043e-25,53,,,1.0081065617725913e-18,1.0081068542185888e-18,2.9244599747875043e-25
ackley,1000,asgf,2003,9.61,26.22,29,29,116030,116030,True,30,4.698032155332854e-11,10,,,2.7580471240185034e-10,2.7580471240185034e-10,0.0
ackley,1000,ashgf,2003,9.57,11.28,34,34,136035,136035,True,35,0.0,0,,,1.0015317464251439e-09,1.0015317464251439e-09,0.0
