seed,best_new,best_old,abs_best_diff,iters_new,iters_old
2003,7.211216703291573,7.21121670329158,7.105427357601002e-15,1161,1165
2004,7.2112167032915675,7.211216703291571,3.552713678800501e-15,1132,1144
2005,7.211216703291579,7.211216703291578,8.881784197001252e-16,1094,1088
2006,7.211216703291581,7.21121670329157,1.0658141036401503e-14,1096,1095
2007,7.211216703291592,7.211216703291594,1.7763568394002505e-15,1142,1152
2008,7.211216703291571,7.211216703291587,1.5987211554602254e-14,1072,1057
2009,7.211216703291598,7.211216703291597,8.881784197001252e-16,1055,1071
2010,7.211216703291596,7.211216703291565,3.108624468950438e-14,1116,1125
2011,7.211216703291581,7.211216703291596,1.509903313490213e-14,1140,1137
2012,7.211216703291589,7.211216703291596,7.105427357601002e-15,1097,1107
