algorithm,side,function,dim,seed,n_iterations,best_value,total_function_evaluations,wall_time_seconds,terminated_normally
gd,new,sphere,10,2003,400,8.171365309508914,8401,0.010593564998998772,True
gd,old,sphere,10,2003,400,15.827039922554619,8401,0.0264597479999793,True
gd,new,sphere,10,7,400,3.9116054884018974,8401,0.007257823999680113,True
gd,old,sphere,10,7,400,7.104025921179549,8401,0.017706436001390102,True
gd,new,sphere,50,2003,400,37.63916062414474,40401,0.01766817899988382,True
gd,old,sphere,50,2003,400,42.41614575182113,40401,0.0925223049998749,True
gd,new,sphere,50,7,400,36.98734987433811,40401,0.01778183100032038,True
gd,old,sphere,50,7,400,50.508143396032885,40401,0.093465202000516,True
gd,new,generalized_rosenbrock,10,2003,400,49.016501307736924,8401,0.011809292000179994,True
gd,old,generalized_rosenbrock,10,2003,400,9.647330332264168,8401,0.043184606000068015,True
gd,new,generalized_rosenbrock,10,7,400,8.599706198785388,8401,0.010842797999430331,True
gd,old,generalized_rosenbrock,10,7,400,7.66730263931548,8401,0.04272393099927285,True
gd,new,generalized_rosenbrock,50,2003,400,45.40555051735868,40401,0.025067893000596086,True
gd,old,generalized_rosenbrock,50,2003,400,50.35547656938386,40401,0.2152906350002013,True
gd,new,generalized_rosenbrock,50,7,400,47.74337380835964,40401,0.025214322000465472,True
gd,old,generalized_rosenbrock,50,7,400,50.33683660544096,40401,0.21362725099970703,True
sges,new,sphere,10,2003,400,9.419025943340825,8401,0.03163951799979259,True
sges,old,sphere,10,2003,49,17.68816772775755,1030,0.0026788080012920545,False
sges,new,sphere,10,7,400,4.500034174409575,8401,0.031607772998540895,True
sges,old,sphere,10,7,49,8.031277143909255,1030,0.0024300870009028586,False
sges,new,sphere,50,2003,400,43.90124878868169,40401,0.19170657100039534,True
sges,old,sphere,50,2003,49,47.88847648965464,4950,0.02089028200134635,False
sges,new,sphere,50,7,400,43.30656410008807,40401,0.19894900500003132,True
sges,old,sphere,50,7,49,56.538224023995745,4950,0.020942867999110604,False
sges,new,generalized_rosenbrock,10,2003,400,92.07684580875468,8401,0.054863039000338176,True
sges,old,generalized_rosenbrock,10,2003,49,50.77305124571794,1030,0.010208826999587473,False
sges,new,generalized_rosenbrock,10,7,400,47.92233630755356,8401,0.04362403799859749,True
sges,old,generalized_rosenbrock,10,7,49,94.59423632418324,1030,0.005436651999843889,False
sges,new,generalized_rosenbrock,50,2003,400,2001.0187490469682,40401,0.21131307600080618,True
sges,old,generalized_rosenbrock,50,2003,49,294.20771997704935,4950,0.04912641100054316,False
sges,new,generalized_rosenbrock,50,7,400,2195.910107713029,40401,0.20731399900068936,True
sges,old,generalized_rosenbrock,50,7,49,285.29274569591024,4950,0.049289110998870456,False
asebo,new,sphere,10,2003,400,8.756885804039323,2101,0.03927065400057472,True
asebo,old,sphere,10,2003,400,13.210419583452145,17401,0.15696563399978913,True
asebo,new,sphere,10,7,400,2.2198027494614387,2101,0.028010965001158183,True
asebo,old,sphere,10,7,400,5.918974901821633,17401,0.14910796799995296,True
asebo,new,sphere,50,2003,400,42.31296111130833,6101,0.16683445399939956,True
asebo,old,sphere,50,2003,400,46.49182757090972,17401,0.5785344979994989,True
asebo,new,sphere,50,7,400,18.813984674777405,6101,0.273909437999464,True
asebo,old,sphere,50,7,400,55.51230900034909,17401,0.5850254490014777,True
asebo,new,generalized_rosenbrock,10,2003,92,81.73232496660303,1177,0.008171656001650263,True
asebo,old,generalized_rosenbrock,10,2003,5,10895.200461905113,1006,0.011169380000865203,True
asebo,new,generalized_rosenbrock,10,7,122,19.95543460275146,1267,0.01187606399980723,True
asebo,old,generalized_rosenbrock,10,7,400,8.777393353767733,17401,0.23212174199943547,True
asebo,new,generalized_rosenbrock,50,2003,94,293.9259113515874,5183,0.024907888000598177,True
asebo,old,generalized_rosenbrock,50,2003,400,102.0775508468466,17401,0.6431952600014483,True
asebo,new,generalized_rosenbrock,50,7,79,258.0722544283512,5138,0.11977643700083718,True
asebo,old,generalized_rosenbrock,50,7,400,127.31747146003458,17401,0.6243569399994158,True
asgf,new,sphere,10,2003,48,8.288943728778204e-15,1969,0.011690807001286885,True
asgf,old,sphere,10,2003,66,1.3701325966041977e-18,2707,0.028053583999280818,True
asgf,new,sphere,10,7,43,6.218491463618373e-15,1764,0.010421136999866576,True
asgf,old,sphere,10,7,18,4.4327931815671586e-16,739,0.007750443999611889,True
asgf,new,sphere,50,2003,55,1.0959591717070444e-17,11056,0.11186910499964142,True
asgf,old,sphere,50,2003,68,4.230276702158909e-18,13669,0.10994537599981413,True
asgf,new,sphere,50,7,56,3.849045580702148e-18,11257,0.1400196260001394,True
asgf,old,sphere,50,7,22,6.571029832158509e-16,4423,0.03606747099911445,True
asgf,new,generalized_rosenbrock,10,2003,400,5.4378336401359695,16401,0.09834166600012395,True
asgf,old,generalized_rosenbrock,10,2003,400,3.1774775005192097,16401,0.15337408799859986,True
asgf,new,generalized_rosenbrock,10,7,400,5.267115437806465,16401,0.05713230800029123,True
asgf,old,generalized_rosenbrock,10,7,400,8.939943948878225,16401,0.15766681899913237,True
asgf,new,generalized_rosenbrock,50,2003,400,44.952241236332114,80401,0.6620653259997198,True
asgf,old,generalized_rosenbrock,50,2003,400,42.60960494296946,80401,1.1471895209997456,True
asgf,new,generalized_rosenbrock,50,7,400,45.120282827760306,80401,0.7130962119990727,True
asgf,old,generalized_rosenbrock,50,7,6,21719.796063045957,1408,0.019172942998920917,False
ashgf,new,sphere,10,2003,38,4.25185383764995e-15,1559,0.004538343000604073,True
ashgf,old,sphere,10,2003,24,5.269496996369811e-16,985,0.011137236999275046,True
ashgf,new,sphere,10,7,37,4.654406703949939e-15,1518,0.004309352998461691,True
ashgf,old,sphere,10,7,17,2.1938537504860596e-16,698,0.007772151999233756,True
ashgf,new,sphere,50,2003,35,3.817522060475285e-15,7036,0.00814573699972243,True
ashgf,old,sphere,50,2003,21,5.992159341964931e-16,4222,0.035941416999776266,True
ashgf,new,sphere,50,7,45,8.021190779246769e-15,9046,0.010480175000338932,True
ashgf,old,sphere,50,7,19,4.0050719105375407e-16,3820,0.027330226001140545,True
ashgf,new,generalized_rosenbrock,10,2003,400,6.190470794631732,16401,0.07570063900129753,True
ashgf,old,generalized_rosenbrock,10,2003,49,7.733882449842424,2051,0.018920000999059994,False
ashgf,new,generalized_rosenbrock,10,7,400,5.921745686527018,16401,0.07351193100112141,True
ashgf,old,generalized_rosenbrock,10,7,49,9.102393138499355,2051,0.018917610999778844,False
ashgf,new,generalized_rosenbrock,50,2003,400,44.837452134783476,80401,1.2948326980003912,True
ashgf,old,generalized_rosenbrock,50,2003,49,94.56347306460493,10051,0.126051319999533,False
ashgf,new,generalized_rosenbrock,50,7,400,44.89712298844645,80401,1.2969040230000246,True
ashgf,old,generalized_rosenbrock,50,7,49,49.19175974371607,10051,0.12532862500120245,False
